TPMT Allele,Allele Functional Status,,,,,,,,,,,,,,,,,,,,,,,,,,,,,,,,,,,,,,,,
*1,Normal function,T,A,T,C,G,A,A,G,C,G,C,G,A,C,C,T,T,G,C,C,C,G,C,C,G,A,C,T,C,A,A,C,A,C,A,C,A,T,T,T
*2,No function,,,,,,,,,,,G,,,,,,,,,,,,,,,,,,,,,,,,,,,,,
*3A,No function,,,,,,,,,,,,,,,,,,,,,T,,,,,,,,,,,,,,,,,,C,
*3B,No function,,,,,,,,,,,,,,,,,,,,,T,,,,,,,,,,,,,,,,,,,
*3C,No function,,,,,,,,,,,,,,,,,,,,,,,,,,,,,,,,,,,,,,,C,
*4,No function,,,,,,,,,,,,,,,,,,,,,,,,,,,,,,,,T,,,,,,,,
*5,Uncertain Function,,,,,,G,,,,,,,,,,,,,,,,,,,,,,,,,,,,,,,,,,
*6,Uncertain Function,,,,,,,,,,,,,,,,,,,,,,,,,,,,A,,,,,,,,,,,,
*7,Uncertain Function,,,,,,,,,,,,,,,,,,,,,,,,,,,,,,,,,,,,,C,,,
*8,Uncertain Function,,,,,,,,,,,,,,,,,,,,,,,,,,,,,,,,,,T,,,,,,
*9,Uncertain Function,,,,,,,,,,,,,,,,G,,,,,,,,,,,,,,,,,,,,,,,,
*10,Uncertain Function,,,,,,,,,,,,,,,,,,,,G,,,,,,,,,,,,,,,,,,,,
*11,No Function,,,,,,,,,,,,,,,,,,,T,,,,,,,,,,,,,,,,,,,,,
*12,Uncertain Function,,,,,,,,,,,,,,,,,,A,,,,,,,,,,,,,,,,,,,,,,
*13,Uncertain Function,,,A,,,,,,,,,,,,,,,,,,,,,,,,,,,,,,,,,,,,,
*14,No Function,C,,,,,,,,,,,,,,,,,,,,,,,,,,,,,,,,,,,,,,,
*15,No Function,,,,,,,,,,,,,,,,,,,,,,,,T,,,,,,,,,,,,,,,,
*16,Uncertain Function,,,,,,,,,,,,,,,,,,,,,,,T,,,,,,,,,,,,,,,,,
*17,Uncertain Function,,,,,C,,,,,,,,,,,,,,,,,,,,,,,,,,,,,,,,,,,
*18,Uncertain Function,,,,,,,,,T,,,,,,,,,,,,,,,,,,,,,,,,,,,,,,,
*19,Uncertain Function,,,,,,,,,,,,,,,,,G,,,,,,,,,,,,,,,,,,,,,,,
*20,Uncertain Function,,,,,,,,,,,,,,,,,,,,,,,,,,,,,,,,,,,,,,C,,
*21,Uncertain Function,,,,,,,,C,,,,,,,,,,,,,,,,,,,,,,,,,,,,,,,,
*22,Uncertain Function,,,,,,,,,,,,,,,,,,,,,,,G,,,,,,,,,,,,,,,,,
*23,No Function,,,,,,,,,,,,,,,,,,,,,,,,,C,,,,,,,,,,,,,,,
*24,Uncertain Function,,,,,,,,,,,,,,,,,,,,,,,,,,,A,,,,,,,,,,,,,
*25,Uncertain Function,,,,,,,,,,,,,,,,,,,,,,,,,,,,,,,,,G,,,,,,,
*26,Uncertain Function,,,,,,,,,,,,,,,,,,,,,,,,,,,,,,,G,,,,,,,,,
*27,Uncertain Function,,,,,,,,,,,,,C,,,,,,,,,,,,,,,,,,,,,,,,,,,
*28,Uncertain Function,,,,,,,,,,,,,,,G,,,,,,,,,,,,,,,,,,,,,,,,,
*29,No Function,,G,,,,,,,,,,,,,,,,,,,,,,,,,,,,,,,,,,,,,,
*30,Unknown Function,,,,T,,,,,,,,,,,,,,,,,,,,,,,,,,,,,,,,,,,,
*31,Uncertain Function,,,,,,,,,,,,,,,,,,,,,,,,,,,,,,G,,,,,,,,,,
*32,Uncertain Function,,,,,,,,,,,,,,T,,,,,,,,,,,,,,,,,,,,,,,,,,
*33,Uncertain Function,,,,,,,,,,,,,,,,,,,,,,A,,,,,,,,,,,,,,,,,,
*34,Uncertain Function,,,,,,,,,,,,A,,,,,,,,,,,,,,,,,,,,,,,,,,,,
*35,Unknown Function,,,,,,,G,,,,,,,,,,,,,,,,,,,,,,,,,,,,,,,,,
*36,Unknown Function,,,,,,,,,,,,,,,,,,,,,,,,,,,,,T,,,,,,,,,,,
*37,Uncertain Function,,,,,,,,,,,,,,,,,,,,,,,,,,,,,,,,,,,T,,,,,
*38,Unknown Function,,,,,,,,,,,,,,,,,,,,,,,,,,G,,,,,,,,,,,,,,
*39,Uncertain Function,,,,,,,,,,A,,,,,,,,,,,,,,,,,,,,,,,,,,,,,,
*40,Uncertain Function,,,,,,,,,,,,,,,,,,,,,,,,,,,,,,,,,,,,T,,,,
*41,No Function,,,,,,,,,,,,,,,,,,,,,,,,,,,,,,,,,,,,,,,,G
